{"stats":{"minecraft:picked_up":{"minecraft:sand":5,"minecraft:dirt":4},"minecraft:used":{"minecraft:dirt":2,"minecraft:sand":1},"minecraft:custom":{"minecraft:time_since_rest":20399,"minecraft:crouch_one_cm":366,"minecraft:sprint_one_cm":32832,"minecraft:play_time":32365,"minecraft:deaths":1,"minecraft:damage_taken":285,"minecraft:walk_one_cm":46201,"minecraft:walk_under_water_one_cm":641,"minecraft:sneak_time":39,"minecraft:jump":188,"minecraft:damage_dealt":69,"minecraft:leave_game":3,"minecraft:walk_on_water_one_cm":852,"minecraft:time_since_death":20315,"minecraft:total_world_time":32365,"minecraft:fall_one_cm":3428,"minecraft:fly_one_cm":69219},"minecraft:killed_by":{"minecraft:stray":1},"minecraft:mined":{"minecraft:grass_block":4,"minecraft:sand":5,"minecraft:packed_ice":5}},"DataVersion":3465}