{"stats":{"minecraft:picked_up":{"minecraft:sand":3,"minecraft:poppy":1,"minecraft:rabbit":1,"minecraft:dirt":6},"minecraft:killed":{"minecraft:rabbit":1},"minecraft:custom":{"minecraft:time_since_rest":2516,"minecraft:deaths":1,"minecraft:sprint_one_cm":16371,"minecraft:crouch_one_cm":140,"minecraft:play_time":14176,"minecraft:damage_taken":225,"minecraft:walk_one_cm":30812,"minecraft:sneak_time":189,"minecraft:mob_kills":1,"minecraft:jump":129,"minecraft:damage_dealt":146,"minecraft:leave_game":2,"minecraft:time_since_death":2446,"minecraft:total_world_time":14176,"minecraft:fall_one_cm":1881,"minecraft:fly_one_cm":27682},"minecraft:killed_by":{"minecraft:zombie":1},"minecraft:mined":{"minecraft:grass_block":7,"minecraft:poppy":1,"minecraft:spruce_leaves":2}},"DataVersion":3465}